Email,P01,P02,P03,P04,P05,P06,P07,P08,P09,P10,P11,P12,P13,P14,P15,Searches
liangdingxuan@gmail.com,20,0,3,1,8,14,2,5,5,20,1,6,6,9,18,"P10,P01,P06,P05,P09,P14"
s10258272@connect.np.edu.sg,12,4,6,1,8,9,18,4,13,4,3,18,16,6,2,"P13,P07,P12,P05,P06,P08"
user5258@example.com,3,1,0,4,4,13,8,0,12,5,4,11,20,10,19,"P14,P05,P13,P08,P11,P10"
user3984@example.com,18,3,6,5,2,16,11,12,11,10,10,10,19,12,16,"P09,P13,P01,P05,P03,P02"
user7155@example.com,19,17,0,7,7,20,3,13,19,11,0,17,18,8,19,"P01,P02,P13,P11,P08,P10"
user7476@example.com,0,14,13,20,8,10,17,16,6,15,18,4,4,2,15,"P12,P06,P15,P13,P11,P04"
user6356@example.com,2,20,15,7,19,1,2,0,13,0,19,11,9,18,6,"P03,P12,P11,P06,P15,P07"
user7445@example.com,19,15,9,9,18,5,20,7,13,19,18,9,11,11,3,"P06,P07,P09,P08,P04,P12"
user8558@example.com,3,16,9,6,8,6,9,18,3,9,5,1,1,5,6,"P09,P13,P10,P11,P07,P14"
user9946@example.com,1,20,4,2,20,12,3,6,18,18,8,7,16,9,17,"P08,P12,P02,P04,P11,P09"
user6937@example.com,18,15,20,6,6,15,3,1,0,12,16,10,7,6,11,"P03,P12,P07,P06,P01,P05"
user2895@example.com,9,19,8,6,13,2,3,18,17,19,5,14,0,2,4,"P09,P07,P03,P01,P14,P10"
user6044@example.com,11,11,11,19,18,1,9,13,9,18,7,4,13,2,17,"P06,P13,P11,P02,P15,P12"
user8070@example.com,13,3,14,9,14,15,7,11,11,3,12,14,20,6,13,"P03,P10,P02,P04,P06,P11"
user6734@example.com,3,5,0,15,16,13,10,6,7,12,14,9,4,4,18,"P01,P04,P05,P15,P10,P06"
user9546@example.com,18,19,12,0,7,20,7,6,12,8,0,18,12,2,14,"P11,P06,P09,P12,P05,P07"
user3170@example.com,15,1,13,10,7,0,3,2,5,6,14,1,6,11,4,"P11,P10,P12,P02,P13,P15"
user4923@example.com,4,14,6,14,10,3,11,9,9,6,2,8,8,18,11,"P12,P11,P09,P03,P05,P08"
user1528@example.com,20,2,8,4,1,6,20,0,9,8,8,19,0,15,6,"P07,P11,P08,P14,P09,P01"
user6565@example.com,13,2,9,19,16,4,7,0,17,3,12,4,17,18,2,"P15,P01,P13,P06,P09,P08"
user5636@example.com,19,6,17,14,12,3,20,13,10,10,7,4,9,11,15,"P09,P04,P13,P07,P15,P05"
user3544@example.com,3,15,17,9,2,18,17,12,1,17,12,12,1,5,19,"P06,P15,P10,P01,P05,P14"
user9771@example.com,9,8,0,7,0,17,7,10,9,5,16,10,10,4,11,"P04,P03,P11,P01,P05,P06"
user7891@example.com,11,18,8,17,15,14,9,0,5,9,13,5,14,10,8,"P04,P13,P11,P01,P06,P09"
user2685@example.com,12,11,5,4,4,12,10,16,3,20,20,5,3,17,18,"P06,P08,P03,P10,P13,P09"
user6723@example.com,9,9,19,12,19,0,16,11,5,4,6,2,20,5,16,"P13,P01,P12,P11,P06,P07"
user7456@example.com,7,6,15,8,16,16,3,13,2,0,12,18,14,8,12,"P15,P04,P08,P01,P12,P07"
user3586@example.com,9,5,0,10,12,13,5,13,5,6,9,2,7,8,6,"P04,P02,P05,P11,P15,P14"
user7797@example.com,7,5,6,18,14,11,16,16,11,17,3,8,10,10,11,"P10,P08,P13,P02,P01,P15"
user7528@example.com,8,19,6,18,3,7,2,3,20,3,3,8,13,19,10,"P14,P03,P08,P04,P10,P11"
user8893@example.com,12,7,16,18,5,0,1,6,13,12,1,4,16,10,16,"P06,P08,P02,P03,P14,P01"
user1538@example.com,17,13,0,15,12,20,12,15,0,18,1,2,1,5,6,"P09,P11,P05,P12,P08,P02"
user8594@example.com,16,15,5,14,4,1,19,13,14,1,10,16,14,16,0,"P14,P13,P05,P03,P09,P11"
user5613@example.com,10,17,15,12,13,7,19,16,8,11,18,0,16,14,12,"P01,P04,P13,P08,P11,P15"
user9442@example.com,14,15,18,10,6,2,20,6,5,2,5,8,8,12,6,"P06,P09,P07,P12,P10,P04"
user1698@example.com,13,19,2,7,20,19,15,9,15,9,7,12,15,9,16,"P13,P14,P04,P01,P10,P11"
user1948@example.com,14,11,15,5,7,17,16,12,9,5,20,3,17,14,4,"P04,P14,P08,P03,P06,P11"
user3466@example.com,11,17,1,18,6,11,6,7,6,7,9,18,4,17,5,"P13,P03,P12,P07,P05,P09"
user3429@example.com,13,13,16,2,12,16,1,2,15,18,14,12,9,19,2,"P03,P07,P04,P10,P14,P09"
user1962@example.com,8,15,16,7,13,1,19,9,5,18,20,16,17,17,9,"P04,P11,P07,P01,P02,P06"
user7442@example.com,10,2,10,3,5,4,10,16,5,5,1,8,10,7,7,"P15,P14,P01,P04,P09,P10"
user8397@example.com,1,19,17,0,0,18,20,0,19,17,10,3,18,14,14,"P12,P01,P11,P08,P14,P05"
user6143@example.com,1,15,8,13,10,5,11,2,20,14,2,7,12,13,14,"P09,P04,P12,P15,P11,P13"
user9766@example.com,13,6,20,1,6,3,11,4,15,17,15,1,4,13,7,"P05,P14,P07,P15,P03,P10"
user7436@example.com,8,3,15,2,19,14,18,10,4,8,9,16,13,8,2,"P07,P04,P06,P09,P12,P15"
user2399@example.com,18,12,7,17,8,5,5,9,10,3,19,16,8,13,3,"P02,P01,P08,P13,P14,P15"
user6857@example.com,2,13,8,12,5,13,14,20,10,5,13,4,20,1,10,"P01,P06,P11,P09,P03,P04"
user7279@example.com,6,19,6,8,5,1,1,11,13,3,9,4,16,14,19,"P05,P11,P07,P08,P04,P12"
user8741@example.com,4,8,10,19,18,3,9,3,4,20,17,17,16,5,16,"P09,P10,P08,P11,P03,P02"
user7591@example.com,11,9,3,8,3,10,17,10,20,11,13,4,10,8,18,"P07,P08,P11,P13,P10,P04"
user7475@example.com,14,0,9,6,6,1,12,13,5,17,18,7,4,18,0,"P05,P15,P09,P04,P14,P10"
user3120@example.com,18,18,5,0,2,8,0,10,20,12,16,16,20,11,12,"P02,P12,P14,P09,P11,P13"
user6286@example.com,3,14,11,17,0,12,15,5,20,2,11,9,19,2,11,"P07,P11,P08,P12,P10,P05"
user9816@example.com,5,2,0,4,3,15,15,3,17,7,19,1,20,13,16,"P11,P15,P07,P02,P13,P10"
user3506@example.com,3,12,6,16,10,7,0,15,8,13,14,11,12,18,0,"P15,P14,P03,P13,P04,P12"
user1623@example.com,11,2,7,17,15,14,15,17,11,8,7,8,19,7,2,"P01,P03,P11,P09,P08,P15"
user3171@example.com,8,1,7,7,16,3,10,10,13,16,9,8,3,0,4,"P11,P02,P04,P15,P03,P09"
user6677@example.com,7,4,1,14,13,1,4,20,16,1,16,15,7,3,11,"P11,P12,P13,P09,P14,P02"
user6227@example.com,1,1,9,20,13,10,16,3,0,19,19,2,1,19,17,"P02,P07,P04,P15,P01,P11"
user2437@example.com,12,16,10,6,16,16,2,5,11,17,18,10,0,4,12,"P13,P09,P03,P04,P07,P10"
user4082@example.com,4,2,5,17,14,3,8,12,4,17,6,2,10,15,19,"P01,P11,P04,P05,P15,P14"
user9553@example.com,4,5,17,8,20,1,18,10,19,7,9,13,14,17,15,"P09,P11,P14,P05,P12,P01"
user7543@example.com,17,4,7,1,12,0,18,14,4,10,1,8,18,6,16,"P07,P08,P13,P02,P10,P15"
user7072@example.com,16,7,15,15,15,15,20,0,10,17,12,16,1,16,8,"P02,P10,P08,P04,P15,P06"
user1486@example.com,13,1,15,20,8,0,14,19,0,15,3,11,3,10,18,"P13,P08,P14,P12,P03,P04"
user9085@example.com,2,6,20,17,0,20,10,17,16,10,9,12,19,4,0,"P12,P09,P08,P11,P07,P05"
user2621@example.com,14,13,7,12,9,15,9,20,3,4,1,4,7,11,3,"P07,P14,P03,P08,P10,P12"
user9391@example.com,1,10,13,8,20,17,1,5,1,15,12,10,18,3,15,"P04,P12,P10,P15,P01,P07"
user1171@example.com,7,11,5,8,9,19,17,7,15,7,2,19,3,16,0,"P04,P07,P06,P02,P08,P14"
user1694@example.com,17,18,5,12,0,4,0,16,20,15,14,3,17,2,17,"P09,P08,P05,P02,P03,P14"
user8437@example.com,10,10,1,15,11,20,11,5,11,2,3,20,7,9,16,"P10,P05,P07,P13,P09,P08"
user3934@example.com,4,19,15,16,7,14,10,10,11,9,8,5,4,20,2,"P12,P13,P11,P10,P03,P05"
user9408@example.com,17,8,15,14,10,0,16,0,2,13,2,15,13,4,2,"P09,P12,P13,P15,P02,P10"
user1119@example.com,19,1,10,8,2,6,5,14,2,10,3,20,11,9,8,"P09,P12,P11,P06,P13,P01"
user5484@example.com,16,15,18,12,7,9,15,13,15,6,18,16,9,4,15,"P11,P14,P09,P08,P02,P06"
user3592@example.com,12,20,4,13,1,5,2,3,15,7,12,15,18,11,4,"P14,P12,P13,P05,P15,P02"
user2452@example.com,8,7,8,8,13,13,7,6,18,8,12,19,17,5,2,"P04,P07,P01,P14,P11,P02"
user3425@example.com,8,5,2,4,0,18,4,2,12,16,7,13,12,6,18,"P01,P13,P02,P14,P07,P04"
user5539@example.com,11,11,11,2,17,4,18,7,0,5,9,18,15,0,11,"P04,P07,P10,P15,P13,P02"
user1743@example.com,17,7,4,1,7,17,11,12,0,5,15,13,17,19,4,"P11,P01,P15,P10,P03,P08"
user6473@example.com,9,12,3,0,6,2,4,9,9,10,1,20,1,6,3,"P15,P11,P10,P04,P09,P06"
user3820@example.com,11,1,5,9,20,20,0,0,14,14,1,2,7,11,9,"P02,P09,P12,P06,P04,P07"
user6732@example.com,12,17,17,12,5,15,18,11,5,0,6,13,7,4,1,"P04,P10,P12,P02,P15,P05"
user4024@example.com,20,16,18,3,4,18,14,15,0,3,8,17,8,8,13,"P13,P03,P01,P12,P09,P10"
user2831@example.com,20,13,9,3,20,19,11,4,14,4,6,4,12,1,13,"P10,P12,P06,P09,P13,P05"
user9097@example.com,14,19,15,14,7,2,16,3,18,11,1,19,12,19,20,"P06,P11,P03,P05,P09,P12"
user4767@example.com,9,14,20,18,4,0,3,15,17,14,9,14,0,8,16,"P12,P08,P07,P04,P13,P03"
user7521@example.com,16,1,3,1,18,4,3,18,5,13,13,19,5,8,15,"P10,P06,P12,P14,P02,P05"
user8859@example.com,16,6,12,16,16,11,10,9,4,12,6,0,11,13,14,"P06,P10,P01,P02,P08,P09"
user8097@example.com,11,17,10,9,0,12,19,14,9,14,20,17,0,0,12,"P02,P03,P05,P12,P06,P01"
user9128@example.com,10,17,8,3,4,7,3,18,15,20,5,8,6,16,11,"P12,P06,P01,P03,P05,P08"
user3990@example.com,6,15,0,10,7,13,9,9,15,2,15,19,17,10,4,"P07,P03,P01,P09,P15,P04"
user2237@example.com,10,7,17,13,9,10,10,8,7,20,4,18,20,18,3,"P12,P01,P09,P10,P15,P11"
user9850@example.com,15,5,9,1,0,5,5,8,16,8,13,9,13,6,7,"P13,P08,P14,P02,P07,P04"
user2115@example.com,12,19,4,2,3,0,11,16,0,4,7,20,2,6,20,"P05,P13,P03,P10,P11,P04"
user1332@example.com,3,3,19,8,10,13,5,3,6,18,4,9,3,6,8,"P12,P04,P05,P06,P02,P08"
user4444@example.com,19,14,18,6,17,15,19,10,7,12,6,2,7,17,9,"P08,P04,P11,P05,P13,P03"
user4968@example.com,15,12,20,4,6,18,1,17,2,3,19,10,7,3,15,"P02,P13,P04,P05,P15,P11"
user5060@example.com,12,14,11,3,16,19,17,19,7,3,18,17,20,10,11,"P09,P13,P03,P05,P02,P01"
user4253@example.com,6,18,8,9,11,9,8,8,20,15,3,5,6,11,20,"P13,P07,P08,P11,P05,P12"
user9749@example.com,12,6,9,4,2,10,9,17,2,18,9,10,19,7,0,"P05,P01,P09,P12,P10,P14"
user7079@example.com,12,17,17,9,4,4,1,17,7,6,3,10,15,19,11,"P09,P10,P01,P08,P12,P07"
user6056@example.com,3,4,0,17,15,14,5,19,0,15,19,11,14,16,16,"P03,P04,P01,P07,P09,P02"
user6047@example.com,3,0,17,17,16,20,0,3,19,9,15,6,11,13,0,"P07,P13,P08,P11,P06,P12"
user7108@example.com,11,4,8,1,20,19,18,10,12,0,1,18,18,11,0,"P07,P14,P06,P09,P05,P10"
user8131@example.com,12,6,15,5,14,18,17,18,20,6,9,11,1,1,1,"P14,P10,P13,P11,P15,P12"
user2743@example.com,18,10,11,15,5,11,13,0,9,14,5,3,12,13,0,"P07,P04,P14,P13,P15,P09"
user5439@example.com,6,18,4,9,1,16,17,1,1,13,15,10,6,19,8,"P12,P06,P14,P08,P04,P10"
user3583@example.com,3,18,4,1,5,3,5,14,12,6,2,7,2,13,11,"P08,P11,P12,P03,P06,P01"
user6329@example.com,14,12,12,8,0,4,20,14,6,16,3,1,3,8,19,"P09,P11,P08,P05,P07,P06"
user3152@example.com,18,6,4,4,13,10,0,17,1,0,0,12,5,7,4,"P10,P13,P03,P05,P09,P07"
user8404@example.com,9,19,12,6,11,16,0,8,8,4,5,18,4,10,18,"P12,P03,P07,P01,P04,P14"
user3559@example.com,11,0,6,19,2,3,3,13,20,6,20,15,5,5,13,"P09,P10,P14,P12,P15,P06"
user5779@example.com,0,18,7,18,16,4,5,6,10,12,20,8,16,15,19,"P14,P04,P06,P11,P08,P12"
user7088@example.com,8,14,18,14,8,3,14,17,19,10,0,3,0,6,9,"P12,P03,P08,P13,P01,P11"
user9850@example.com,17,17,14,0,6,4,18,15,9,6,7,5,14,6,17,"P14,P10,P04,P09,P01,P11"
user5188@example.com,6,16,18,3,0,6,1,16,17,5,3,12,20,1,3,"P07,P08,P05,P02,P04,P12"
user6594@example.com,0,16,2,9,6,7,17,16,14,1,4,19,7,12,8,"P10,P06,P15,P07,P09,P11"
user8724@example.com,19,3,13,11,10,4,8,18,19,0,10,20,4,14,13,"P15,P07,P04,P10,P14,P03"
user3522@example.com,4,2,7,17,7,13,13,8,14,18,1,17,19,11,17,"P07,P12,P01,P13,P05,P02"
user2568@example.com,20,17,19,17,20,3,5,18,1,13,14,1,1,10,11,"P12,P10,P06,P05,P09,P08"
user2432@example.com,5,7,13,10,9,10,18,0,1,16,15,12,5,14,12,"P08,P01,P02,P07,P15,P10"
user9475@example.com,9,10,13,19,18,3,14,11,17,19,7,14,14,20,4,"P03,P05,P12,P13,P06,P04"
user1642@example.com,10,13,9,18,0,20,20,14,16,10,14,8,18,20,7,"P11,P09,P01,P15,P06,P13"
user2301@example.com,3,11,12,6,3,5,3,5,19,14,14,4,18,17,4,"P08,P15,P03,P11,P14,P10"
user4077@example.com,10,1,7,0,12,0,3,2,10,2,20,16,10,9,3,"P04,P13,P08,P15,P03,P05"
user9213@example.com,16,7,1,15,12,20,19,20,14,8,10,8,20,2,8,"P08,P04,P14,P02,P03,P06"
user8882@example.com,5,9,0,11,7,18,1,2,9,20,8,1,18,1,18,"P11,P14,P13,P08,P15,P09"
user7958@example.com,15,19,4,18,6,14,0,19,7,5,0,11,0,7,2,"P09,P03,P14,P10,P06,P01"
user9083@example.com,18,9,12,1,8,12,10,13,14,9,7,17,10,15,5,"P13,P01,P15,P09,P04,P02"
user4229@example.com,13,0,18,10,12,16,12,20,7,19,4,9,7,0,14,"P01,P14,P07,P15,P10,P03"
user7082@example.com,15,19,1,2,15,10,2,14,13,6,5,9,5,19,2,"P15,P13,P04,P08,P03,P10"
user4919@example.com,8,11,20,6,4,1,12,9,17,5,6,10,14,9,6,"P05,P14,P10,P04,P09,P12"
user5854@example.com,10,4,5,3,8,12,4,20,4,11,11,8,4,0,13,"P10,P09,P03,P11,P05,P13"
user3059@example.com,7,13,12,17,0,15,16,18,8,17,2,2,9,19,4,"P05,P02,P01,P10,P07,P15"
user9468@example.com,5,8,9,9,18,2,9,4,4,12,0,15,11,14,9,"P12,P07,P01,P06,P11,P03"
user9737@example.com,13,10,2,12,18,14,11,20,15,12,10,1,10,0,9,"P15,P01,P10,P07,P02,P04"
user5082@example.com,13,2,14,8,12,0,10,5,12,5,14,7,8,5,12,"P08,P02,P06,P03,P11,P05"
user2053@example.com,10,12,5,9,18,9,5,6,12,11,14,3,10,13,5,"P02,P05,P12,P10,P06,P11"
user4000@example.com,4,10,18,2,8,6,4,20,14,8,11,8,0,16,8,"P15,P03,P02,P01,P10,P06"
user8582@example.com,20,7,17,12,12,6,6,14,5,11,8,12,7,13,15,"P13,P04,P01,P14,P08,P07"
user4858@example.com,2,2,6,12,13,18,4,0,0,14,13,2,7,15,20,"P10,P09,P13,P06,P08,P11"
user2921@example.com,20,19,7,3,12,6,5,16,5,13,10,5,16,14,8,"P11,P03,P12,P15,P08,P14"
user3171@example.com,3,17,11,12,5,12,14,7,12,2,1,6,1,1,11,"P09,P12,P14,P08,P11,P02"
user6505@example.com,18,16,7,4,18,3,8,3,3,3,14,20,16,1,5,"P11,P02,P05,P10,P15,P09"
user6492@example.com,0,18,12,3,17,10,17,9,10,4,14,3,16,20,9,"P06,P15,P12,P01,P05,P10"
user1733@example.com,4,10,5,9,6,7,4,20,9,2,2,3,16,0,19,"P02,P03,P15,P07,P05,P14"
user8449@example.com,20,8,15,15,1,10,2,13,17,19,16,15,13,13,19,"P09,P12,P04,P07,P08,P13"
user8967@example.com,19,1,18,7,11,11,13,2,2,19,15,20,15,20,17,"P07,P09,P01,P05,P02,P11"
user8935@example.com,0,17,20,0,4,8,4,9,11,10,5,4,19,12,13,"P08,P09,P04,P07,P14,P12"
user3395@example.com,10,17,13,5,0,8,5,10,3,15,7,7,1,9,4,"P15,P14,P08,P03,P13,P12"
user7939@example.com,16,10,10,5,19,17,16,14,0,11,0,17,2,12,15,"P09,P03,P14,P15,P04,P11"
user8891@example.com,10,19,12,6,0,12,8,15,17,4,2,18,16,7,12,"P04,P15,P05,P02,P08,P03"
user3401@example.com,10,7,20,2,20,16,13,12,17,15,5,6,15,0,15,"P01,P04,P09,P08,P15,P02"
user4338@example.com,14,3,16,0,5,15,11,7,10,0,3,1,0,20,19,"P08,P15,P03,P02,P13,P07"
user8013@example.com,10,16,2,13,4,17,0,16,2,2,16,12,20,1,10,"P11,P08,P07,P15,P14,P13"
user8470@example.com,6,20,5,12,0,5,20,19,0,18,2,20,19,6,15,"P10,P13,P04,P02,P14,P12"
user6279@example.com,18,7,14,2,6,5,5,11,2,13,8,3,18,11,8,"P10,P13,P05,P06,P07,P15"
user2780@example.com,7,10,8,17,20,14,3,1,19,0,0,0,1,0,1,"P06,P07,P08,P02,P01,P04"
user4399@example.com,17,17,18,19,7,10,11,14,15,17,8,9,0,5,20,"P06,P07,P14,P11,P08,P05"
user7535@example.com,14,10,19,20,3,8,5,20,11,8,7,1,16,16,12,"P09,P15,P11,P04,P10,P03"
user1268@example.com,9,17,11,10,10,9,6,3,12,20,16,17,17,18,8,"P05,P02,P10,P04,P12,P11"
user5397@example.com,9,15,5,3,16,16,7,0,16,10,7,18,11,20,15,"P03,P10,P05,P09,P13,P08"
user3407@example.com,17,6,16,16,5,8,2,18,13,3,14,10,2,2,16,"P15,P11,P07,P09,P01,P06"
user2652@example.com,8,3,0,7,14,10,16,10,3,14,3,4,14,19,16,"P07,P05,P13,P15,P06,P03"
user2744@example.com,1,17,6,16,9,5,15,8,7,4,14,18,4,16,12,"P14,P06,P12,P10,P01,P04"
user2220@example.com,4,10,13,0,16,12,5,18,4,0,2,16,20,1,9,"P01,P02,P10,P07,P04,P15"
user5458@example.com,19,9,11,12,11,18,12,19,5,15,16,0,13,7,6,"P09,P05,P15,P14,P11,P07"
user8451@example.com,6,5,18,15,8,3,18,0,11,20,5,6,6,4,14,"P10,P08,P13,P06,P14,P11"
user2632@example.com,3,0,2,3,16,13,0,8,19,17,2,4,12,0,9,"P12,P04,P02,P03,P11,P08"
user4457@example.com,13,6,1,7,17,4,0,14,3,18,13,0,2,2,11,"P12,P01,P11,P10,P15,P02"
user7233@example.com,19,13,2,3,8,11,13,6,9,15,2,16,17,3,17,"P10,P11,P07,P03,P04,P01"
user1487@example.com,14,15,7,2,5,5,16,16,10,6,9,18,14,10,20,"P15,P01,P05,P09,P07,P06"
user2251@example.com,12,17,5,9,3,19,12,8,18,6,15,13,3,8,14,"P14,P02,P12,P07,P06,P04"
user8649@example.com,17,6,19,15,0,15,20,3,9,18,17,6,20,9,9,"P05,P03,P04,P07,P08,P12"
user8731@example.com,1,20,2,0,13,16,8,6,4,14,19,0,5,20,1,"P12,P06,P04,P03,P07,P02"
user5636@example.com,15,19,0,3,13,3,12,3,1,5,17,17,6,16,0,"P01,P08,P05,P14,P02,P09"
user7358@example.com,12,19,7,6,20,18,14,12,13,10,20,16,20,13,3,"P02,P11,P06,P08,P14,P04"
user7963@example.com,20,6,16,9,2,17,14,14,9,17,19,7,1,18,6,"P14,P08,P06,P09,P13,P11"
user2703@example.com,5,4,9,20,6,15,15,1,3,8,8,13,6,11,18,"P07,P08,P09,P01,P14,P15"
user9541@example.com,5,10,4,9,11,8,15,3,2,11,8,10,4,15,4,"P06,P04,P05,P08,P15,P14"
user2320@example.com,11,7,3,3,12,16,18,15,5,15,11,4,13,11,17,"P09,P05,P13,P14,P04,P02"
user7222@example.com,11,3,18,10,16,4,6,4,18,13,4,14,1,11,12,"P01,P09,P15,P05,P13,P08"
user7826@example.com,3,17,0,9,7,16,0,5,3,3,16,19,11,4,5,"P12,P11,P13,P04,P14,P03"
user6188@example.com,16,7,4,15,15,6,2,18,17,11,7,17,7,19,14,"P07,P05,P11,P08,P15,P02"
user2099@example.com,8,12,9,9,13,2,17,12,19,6,16,15,12,2,15,"P10,P09,P06,P15,P13,P12"
user1926@example.com,16,17,1,8,13,11,18,2,20,1,8,19,6,13,4,"P09,P13,P12,P15,P08,P04"
user1505@example.com,5,13,8,15,1,11,9,2,4,6,3,6,14,15,14,"P11,P02,P13,P03,P01,P05"
user4600@example.com,3,10,18,7,7,8,12,14,8,20,11,6,13,4,14,"P01,P03,P05,P14,P13,P12"
user8985@example.com,9,18,17,6,5,1,8,1,14,13,17,19,10,7,18,"P03,P01,P14,P02,P05,P06"
user5895@example.com,10,12,18,13,4,20,20,16,3,15,2,11,15,19,17,"P05,P06,P10,P02,P13,P04"
user1543@example.com,10,16,16,15,2,0,17,1,10,3,7,10,13,6,13,"P08,P01,P13,P09,P11,P03"
user2657@example.com,7,14,15,4,19,10,13,12,16,1,14,9,3,7,0,"P01,P06,P11,P15,P10,P08"
user6986@example.com,9,11,15,11,5,11,12,11,12,16,19,5,1,1,11,"P14,P10,P11,P08,P02,P15"
user7007@example.com,20,5,4,17,5,20,6,3,4,15,1,18,20,6,11,"P15,P14,P06,P01,P07,P05"
user3392@example.com,11,20,12,11,11,9,6,19,1,19,4,1,8,15,13,"P09,P06,P02,P08,P03,P11"
user7984@example.com,4,18,5,8,3,2,2,4,20,13,2,10,19,20,2,"P10,P12,P15,P08,P03,P02"
user6415@example.com,19,11,15,4,11,11,2,19,12,5,20,6,4,5,11,"P05,P09,P04,P02,P10,P03"
user6464@example.com,0,17,5,15,19,10,5,5,16,1,5,5,13,16,1,"P15,P11,P09,P06,P13,P07"
user9150@example.com,12,5,7,17,3,13,15,14,1,11,19,7,9,14,14,"P13,P15,P14,P12,P07,P08"
user2175@example.com,14,15,9,18,2,10,3,14,1,4,14,12,18,0,18,"P09,P01,P08,P07,P05,P11"
user3084@example.com,2,7,5,6,14,16,0,10,0,1,6,6,4,11,19,"P07,P05,P02,P01,P12,P10"
